{
  "Pclass": 445.01043708622456,
  "Sex": 1549.7017329633236,
  "Age": 1184.0108770051447,
  "SibSp": 163.87413439154625,
  "Parch": 70.52195504476549,
  "Ticket": 1227.3101463867933,
  "Fare": 998.9400180131197,
  "Embarked": 57.80242766439915
}